-- MariaDB dump 10.19  Distrib 10.4.24-MariaDB, for Win64 (AMD64)
--
-- Host: localhost    Database: my-wiki
-- ------------------------------------------------------
-- Server version	10.4.24-MariaDB

/*!40101 SET @OLD_CHARACTER_SET_CLIENT=@@CHARACTER_SET_CLIENT */;
/*!40101 SET @OLD_CHARACTER_SET_RESULTS=@@CHARACTER_SET_RESULTS */;
/*!40101 SET @OLD_COLLATION_CONNECTION=@@COLLATION_CONNECTION */;
/*!40101 SET NAMES utf8mb4 */;
/*!40103 SET @OLD_TIME_ZONE=@@TIME_ZONE */;
/*!40103 SET TIME_ZONE='+00:00' */;
/*!40014 SET @OLD_UNIQUE_CHECKS=@@UNIQUE_CHECKS, UNIQUE_CHECKS=0 */;
/*!40014 SET @OLD_FOREIGN_KEY_CHECKS=@@FOREIGN_KEY_CHECKS, FOREIGN_KEY_CHECKS=0 */;
/*!40101 SET @OLD_SQL_MODE=@@SQL_MODE, SQL_MODE='NO_AUTO_VALUE_ON_ZERO' */;
/*!40111 SET @OLD_SQL_NOTES=@@SQL_NOTES, SQL_NOTES=0 */;

--
-- Table structure for table `article_tags`
--

DROP TABLE IF EXISTS `article_tags`;
/*!40101 SET @saved_cs_client     = @@character_set_client */;
/*!40101 SET character_set_client = utf8 */;
CREATE TABLE `article_tags` (
  `article_id` bigint(20) unsigned NOT NULL,
  `tag_id` bigint(20) unsigned DEFAULT NULL,
  `deleted_at` timestamp NULL DEFAULT NULL,
  `created_at` timestamp NULL DEFAULT NULL,
  `updated_at` timestamp NULL DEFAULT NULL,
  KEY `article_tags_article_id_index` (`article_id`),
  KEY `article_tags_tag_id_index` (`tag_id`),
  CONSTRAINT `article_tags_article_id_foreign` FOREIGN KEY (`article_id`) REFERENCES `articles` (`id`),
  CONSTRAINT `article_tags_tag_id_foreign` FOREIGN KEY (`tag_id`) REFERENCES `tags` (`id`)
) ENGINE=InnoDB DEFAULT CHARSET=utf8mb4 COLLATE=utf8mb4_unicode_ci;
/*!40101 SET character_set_client = @saved_cs_client */;

--
-- Dumping data for table `article_tags`
--

LOCK TABLES `article_tags` WRITE;
/*!40000 ALTER TABLE `article_tags` DISABLE KEYS */;
INSERT INTO `article_tags` VALUES (1,4,'2022-07-31 07:06:36','2022-07-31 06:49:53','2022-07-31 07:06:36'),(1,3,'2022-07-31 07:06:36','2022-07-31 06:49:53','2022-07-31 07:06:36'),(1,7,NULL,'2022-07-31 07:05:14','2022-07-31 07:05:14'),(1,8,NULL,'2022-07-31 07:05:14','2022-07-31 07:05:14'),(2,NULL,NULL,'2022-07-31 07:10:31','2022-07-31 07:10:31'),(3,3,NULL,'2022-07-31 21:28:55','2022-07-31 21:28:55'),(3,4,NULL,'2022-07-31 21:28:55','2022-07-31 21:28:55'),(4,7,NULL,'2022-07-31 21:29:11','2022-07-31 21:29:11'),(4,8,NULL,'2022-07-31 21:29:11','2022-07-31 21:29:11'),(5,NULL,NULL,'2022-07-31 22:01:22','2022-07-31 22:01:22'),(6,NULL,'2022-08-02 06:27:20','2022-07-31 23:09:54','2022-08-02 06:27:20'),(7,12,NULL,'2022-08-01 18:13:06','2022-08-01 18:13:06'),(6,12,'2022-08-02 06:27:20','2022-08-02 06:26:25','2022-08-02 06:27:20'),(6,NULL,NULL,'2022-08-02 06:27:20','2022-08-02 06:27:20'),(8,NULL,NULL,'2022-08-03 01:36:38','2022-08-03 01:36:38'),(9,NULL,'2022-08-04 23:41:53','2022-08-04 22:40:43','2022-08-04 23:41:53'),(9,4,NULL,'2022-08-04 23:41:53','2022-08-04 23:41:53'),(9,114,NULL,'2022-08-04 23:41:53','2022-08-04 23:41:53'),(9,93,NULL,'2022-08-04 23:41:53','2022-08-04 23:41:53'),(9,95,NULL,'2022-08-04 23:41:53','2022-08-04 23:41:53'),(10,119,NULL,'2022-08-05 00:08:40','2022-08-05 00:08:40'),(10,121,NULL,'2022-08-05 00:08:40','2022-08-05 00:08:40'),(10,117,NULL,'2022-08-05 00:08:40','2022-08-05 00:08:40'),(10,118,NULL,'2022-08-05 00:08:40','2022-08-05 00:08:40'),(10,120,NULL,'2022-08-05 00:08:40','2022-08-05 00:08:40'),(10,122,NULL,'2022-08-05 00:08:40','2022-08-05 00:08:40'),(11,118,NULL,'2022-08-05 00:27:52','2022-08-05 00:27:52'),(11,120,NULL,'2022-08-05 00:27:52','2022-08-05 00:27:52'),(11,122,NULL,'2022-08-05 00:27:52','2022-08-05 00:27:52'),(12,135,NULL,'2022-08-05 04:20:37','2022-08-05 04:20:37'),(12,115,NULL,'2022-08-05 04:20:37','2022-08-05 04:20:37');
/*!40000 ALTER TABLE `article_tags` ENABLE KEYS */;
UNLOCK TABLES;

--
-- Table structure for table `articles`
--

DROP TABLE IF EXISTS `articles`;
/*!40101 SET @saved_cs_client     = @@character_set_client */;
/*!40101 SET character_set_client = utf8 */;
CREATE TABLE `articles` (
  `id` bigint(20) unsigned NOT NULL AUTO_INCREMENT,
  `user_id` bigint(20) unsigned NOT NULL,
  `title` varchar(255) COLLATE utf8mb4_unicode_ci NOT NULL,
  `body` longtext COLLATE utf8mb4_unicode_ci NOT NULL,
  `deleted_at` timestamp NULL DEFAULT NULL,
  `created_at` timestamp NULL DEFAULT NULL,
  `updated_at` timestamp NULL DEFAULT NULL,
  PRIMARY KEY (`id`),
  KEY `articles_user_id_index` (`user_id`),
  CONSTRAINT `articles_user_id_foreign` FOREIGN KEY (`user_id`) REFERENCES `users` (`id`)
) ENGINE=InnoDB AUTO_INCREMENT=13 DEFAULT CHARSET=utf8mb4 COLLATE=utf8mb4_unicode_ci;
/*!40101 SET character_set_client = @saved_cs_client */;

--
-- Dumping data for table `articles`
--

LOCK TABLES `articles` WRITE;
/*!40000 ALTER TABLE `articles` DISABLE KEYS */;
INSERT INTO `articles` VALUES (1,1,'test','test','2022-07-31 07:10:21','2022-07-31 06:49:53','2022-07-31 07:10:21'),(2,1,'test','test2','2022-07-31 07:10:36','2022-07-31 07:10:31','2022-07-31 07:10:36'),(3,1,'test','test',NULL,'2022-07-31 21:28:55','2022-07-31 21:28:55'),(4,1,'test2','test2',NULL,'2022-07-31 21:29:11','2022-07-31 21:29:11'),(5,1,'aaa','aaa',NULL,'2022-07-31 22:01:22','2022-07-31 22:01:22'),(6,1,'test3','test3',NULL,'2022-07-31 23:09:54','2022-08-02 06:27:20'),(7,1,'abcd','# efg\n# hijk\n## lmn',NULL,'2022-08-01 18:13:06','2022-08-01 18:13:06'),(8,1,'laravelで%,_をエスケープするには','# 答え\n正規表現を使ってエスケープしましょう.｡',NULL,'2022-08-03 01:36:38','2022-08-03 01:36:38'),(9,1,'index意外のページにアクセスすると404エラーが発生する','# 環境  \nubuntu  \nvagrant  \napache2  \n---\n# 問題  \nlaravelをインストールしたが404エラーで表示ができない。  \n---\n# 原因  \n1.laravelの特定のフォルダに対して権限が付与されていなかった  \n2.apache2のリライト対応がされていなかった  \n---\n# 対応内容  \n原因1にもある特定のフォルダに対して権限の付与を行いました。（aglkjgggさんのコメントをご参照）  \n\n## storage以下全てのディレクトリフォルダを777に設定する  \nchmod 777 storage -R\n<br>\n\n## bootstrap/cache以下全てのディレクトリフォルダを777に設定する\nchmod 777 bootstrap/cache -R  \nトップページのみ参照ができたが、配下が依然404エラー  \nコメントのご指摘を元にapache側に問題があると調査。  \n最初はhttpd.conf自体が見つからず困惑。apache2の場合は、/etc/apache2/apache2.confが該当。  \n<br>\n\n下記等を参照  \n[httpd.confについて調べたのでまとめたよ](http://r7kamura.hatenablog.com/entry/20110222/1298371277)\n\n## AllowOverrideの設定を変更するも404エラー\n/etc/apache2/apache2.conf へ下記を追加しましたが、やはり404エラーとなります。AllowOverrideをAllにしました。\n```\n<Directory /var/www/html/project/public>\nAllowOverride All\nOptions Indexes FollowSymLinks\nRequire all granted\n</Directory>\n```\n（その後、sudo service apache2 restart で再起動）\n<br>\nまた、下記のサイトにて似たような事例があったため、public/.htaccessを変更してみたのですが、変わらず404エラーとなります。  \nteratailを検索していたところ、下記にヒントが有りました。  \n[Laravel4のroutes.phpの設定でNot foundが表示される問題](https://teratail.com/questions/5920)  \n\n以下、コメントより抜粋  \n「apache2.conf」とsites-enabledの設定ファイル、また、laravelのpublic配下にある.htaccessファイルの設定を全て確認しましたが、特におかしいと思われる記述が見当たりませんでした。  \n次に、mod_riwriteが有効になっているかどうか、次のコマンドを叩いたところ、  \n「ls /etc/apache2/mods-enabled/」  \n見事に、rewrite.loadが見当たりませんでしたので、「sudo a2enmod rewrite」でmod_rewriteを有効化しました。その後、無事にアクセスできることを確認しました。  \n<br>\n## sudo a2enmod rewriteを実行するも、依然404エラー  \n更に調べたところ、restartが必要だったので実行する。  \n<br>\n下記を参照に対応  \nhttp://qiita.com/u-akihiro/items/c7a5bb38c34858d00c2a  \n<br>\nまずはmod_rewriteが利用可能となっているかを確認する。  \ncat /etc/apache2/mods-available/rewrite.load  \nLoadModule rewrite_module /usr/lib/apache2/modules/mod_rewrite.so  \n使えることが確認できたらa2enmodというコマンドを実行する。  \nsudo a2enmod rewrite  \na2enmodを実行すると以下の様なメッセージが出てくる。  \nEnabling module rewrite.  \nTo activate the new configuration, you need to run:  \nservice apache2 restart  \n忘れずにrestartしよう  \nsudo service apache2 restart',NULL,'2022-08-04 22:40:43','2022-08-04 23:41:53'),(10,2,'シンデレラ（ノンアル）のレシピ','# 材料\n|材料名|分量|\n|--|--|\n|オレンジジュース|20ml|\n|レモンジュース|20ml|\n|パイナップルジュース|20ml|\n\n# 作り方\n材料をシェイクし、カクテルグラスに注ぐ。',NULL,'2022-08-05 00:08:40','2022-08-05 00:08:40'),(11,2,'モヒート風レモネード','# 材料\n* ミントの葉:6~8枝\n* レモン:1個\n* 砂糖:大さじ3\n* 水:50cc\n* 炭酸水:300cc\n* 氷:適量\n\n# 作り方\n1. レモンを2枚分薄く切り、残りは絞って茶こしで種を取り除いてレモン汁にする。\n2. 小鍋に薄く切ったレモン、水、砂糖を入れて中火で水分量が1/2になるまで煮込み、火からおろして冷まし、シロップを作る。\n3. グラスにシロップを入れ、ミントを叩いて入れる。氷を入れ、炭酸水を注いで混ぜ、レモン汁を入れて混ぜて完成。',NULL,'2022-08-05 00:27:52','2022-08-05 00:27:52'),(12,1,'mysqlbinlog: [ERROR] unknown variable \'default-character-set=utf8mb4\' と言われないためのTIPS','my.iniファイルの  \n[client]  \ndefault-character-set=utf8mb4  \nを  \n[client]  \nloose-default-character-set=utf8mb4  \nに変更',NULL,'2022-08-05 04:20:37','2022-08-05 04:20:37');
/*!40000 ALTER TABLE `articles` ENABLE KEYS */;
UNLOCK TABLES;

--
-- Table structure for table `book_mark_tags`
--

DROP TABLE IF EXISTS `book_mark_tags`;
/*!40101 SET @saved_cs_client     = @@character_set_client */;
/*!40101 SET character_set_client = utf8 */;
CREATE TABLE `book_mark_tags` (
  `book_mark_id` bigint(20) unsigned NOT NULL,
  `tag_id` bigint(20) unsigned DEFAULT NULL,
  `deleted_at` timestamp NULL DEFAULT NULL,
  `created_at` timestamp NULL DEFAULT NULL,
  `updated_at` timestamp NULL DEFAULT NULL,
  KEY `book_mark_tags_book_mark_id_index` (`book_mark_id`),
  KEY `book_mark_tags_tag_id_index` (`tag_id`),
  CONSTRAINT `book_mark_tags_book_mark_id_foreign` FOREIGN KEY (`book_mark_id`) REFERENCES `book_marks` (`id`),
  CONSTRAINT `book_mark_tags_tag_id_foreign` FOREIGN KEY (`tag_id`) REFERENCES `tags` (`id`)
) ENGINE=InnoDB DEFAULT CHARSET=utf8mb4 COLLATE=utf8mb4_unicode_ci;
/*!40101 SET character_set_client = @saved_cs_client */;

--
-- Dumping data for table `book_mark_tags`
--

LOCK TABLES `book_mark_tags` WRITE;
/*!40000 ALTER TABLE `book_mark_tags` DISABLE KEYS */;
INSERT INTO `book_mark_tags` VALUES (2,10,'2022-08-02 05:52:48','2022-07-31 21:03:34','2022-08-02 05:52:48'),(2,9,NULL,'2022-07-31 21:03:34','2022-07-31 21:03:34'),(3,1,'2022-08-02 05:59:54','2022-08-01 01:37:33','2022-08-02 05:59:54'),(3,11,NULL,'2022-08-01 01:37:33','2022-08-01 01:37:33'),(4,12,NULL,'2022-08-01 01:48:03','2022-08-01 01:48:03'),(5,1,NULL,'2022-08-01 01:50:34','2022-08-01 01:50:34'),(5,13,NULL,'2022-08-01 01:50:34','2022-08-01 01:50:34'),(6,1,NULL,'2022-08-01 01:52:12','2022-08-01 01:52:12'),(6,14,NULL,'2022-08-01 01:52:12','2022-08-01 01:52:12'),(7,11,NULL,'2022-08-01 03:57:52','2022-08-01 03:57:52'),(7,15,NULL,'2022-08-01 03:57:52','2022-08-01 03:57:52'),(8,1,NULL,'2022-08-01 23:37:55','2022-08-01 23:37:55'),(8,16,NULL,'2022-08-01 23:37:55','2022-08-01 23:37:55'),(9,12,NULL,'2022-08-02 04:13:34','2022-08-02 04:13:34'),(9,17,NULL,'2022-08-02 04:13:34','2022-08-02 04:13:34'),(10,5,NULL,'2022-08-02 04:14:40','2022-08-02 04:14:40'),(10,18,NULL,'2022-08-02 04:14:40','2022-08-02 04:14:40'),(10,19,NULL,'2022-08-02 04:14:40','2022-08-02 04:14:40'),(11,5,NULL,'2022-08-02 04:15:49','2022-08-02 04:15:49'),(11,4,NULL,'2022-08-02 04:15:49','2022-08-02 04:15:49'),(11,20,NULL,'2022-08-02 04:15:49','2022-08-02 04:15:49'),(12,4,NULL,'2022-08-02 04:18:27','2022-08-02 04:18:27'),(12,5,NULL,'2022-08-02 04:18:27','2022-08-02 04:18:27'),(12,21,NULL,'2022-08-02 04:18:27','2022-08-02 04:18:27'),(13,4,NULL,'2022-08-02 04:19:44','2022-08-02 04:19:44'),(13,5,NULL,'2022-08-02 04:19:44','2022-08-02 04:19:44'),(13,21,NULL,'2022-08-02 04:19:44','2022-08-02 04:19:44'),(14,22,NULL,'2022-08-02 04:32:16','2022-08-02 04:32:16'),(14,11,NULL,'2022-08-02 04:32:16','2022-08-02 04:32:16'),(15,4,NULL,'2022-08-02 21:37:42','2022-08-02 21:37:42'),(15,23,NULL,'2022-08-02 21:37:42','2022-08-02 21:37:42'),(16,4,NULL,'2022-08-02 21:42:10','2022-08-02 21:42:10'),(16,23,NULL,'2022-08-02 21:42:10','2022-08-02 21:42:10'),(17,4,NULL,'2022-08-02 22:16:37','2022-08-02 22:16:37'),(17,23,NULL,'2022-08-02 22:16:37','2022-08-02 22:16:37'),(18,1,NULL,'2022-08-02 23:08:27','2022-08-02 23:08:27'),(18,24,NULL,'2022-08-02 23:08:27','2022-08-02 23:08:27'),(19,12,NULL,'2022-08-02 23:26:38','2022-08-02 23:26:38'),(19,17,NULL,'2022-08-02 23:26:38','2022-08-02 23:26:38'),(20,4,NULL,'2022-08-02 23:29:34','2022-08-02 23:29:34'),(20,5,NULL,'2022-08-02 23:29:34','2022-08-02 23:29:34'),(21,4,NULL,'2022-08-02 23:30:46','2022-08-02 23:30:46'),(21,25,NULL,'2022-08-02 23:30:46','2022-08-02 23:30:46'),(22,27,NULL,'2022-08-03 17:46:56','2022-08-03 17:46:56'),(22,26,NULL,'2022-08-03 17:46:56','2022-08-03 17:46:56'),(23,4,NULL,'2022-08-04 00:14:56','2022-08-04 00:14:56'),(23,5,NULL,'2022-08-04 00:14:56','2022-08-04 00:14:56'),(24,4,NULL,'2022-08-04 00:49:48','2022-08-04 00:49:48'),(24,1,NULL,'2022-08-04 00:49:48','2022-08-04 00:49:48'),(25,29,NULL,'2022-08-04 04:18:08','2022-08-04 04:18:08'),(25,28,NULL,'2022-08-04 04:18:08','2022-08-04 04:18:08'),(25,30,NULL,'2022-08-04 04:18:08','2022-08-04 04:18:08'),(25,31,NULL,'2022-08-04 04:18:08','2022-08-04 04:18:08'),(26,28,NULL,'2022-08-04 04:22:44','2022-08-04 04:22:44'),(26,31,NULL,'2022-08-04 04:22:44','2022-08-04 04:22:44'),(26,29,NULL,'2022-08-04 04:22:44','2022-08-04 04:22:44'),(26,30,NULL,'2022-08-04 04:22:44','2022-08-04 04:22:44'),(27,32,NULL,'2022-08-04 04:24:15','2022-08-04 04:24:15'),(27,33,NULL,'2022-08-04 04:24:15','2022-08-04 04:24:15'),(28,34,NULL,'2022-08-04 04:26:15','2022-08-04 04:26:15'),(28,35,NULL,'2022-08-04 04:26:15','2022-08-04 04:26:15'),(29,28,NULL,'2022-08-04 04:38:41','2022-08-04 04:38:41'),(29,36,NULL,'2022-08-04 04:38:41','2022-08-04 04:38:41'),(29,37,NULL,'2022-08-04 04:38:41','2022-08-04 04:38:41'),(30,39,NULL,'2022-08-04 04:41:13','2022-08-04 04:41:13'),(30,40,NULL,'2022-08-04 04:41:13','2022-08-04 04:41:13'),(30,38,NULL,'2022-08-04 04:41:13','2022-08-04 04:41:13'),(30,41,NULL,'2022-08-04 04:41:13','2022-08-04 04:41:13'),(30,42,NULL,'2022-08-04 04:41:13','2022-08-04 04:41:13'),(31,42,NULL,'2022-08-04 04:42:08','2022-08-04 04:42:08'),(31,38,NULL,'2022-08-04 04:42:08','2022-08-04 04:42:08'),(31,40,NULL,'2022-08-04 04:42:08','2022-08-04 04:42:08'),(31,39,NULL,'2022-08-04 04:42:08','2022-08-04 04:42:08'),(32,NULL,'2022-08-04 05:21:03','2022-08-04 04:43:42','2022-08-04 05:21:03'),(32,38,NULL,'2022-08-04 05:10:45','2022-08-04 05:10:45'),(32,41,NULL,'2022-08-04 05:10:45','2022-08-04 05:10:45'),(32,42,NULL,'2022-08-04 05:10:45','2022-08-04 05:10:45'),(32,NULL,'2022-08-04 05:21:03','2022-08-04 05:10:45','2022-08-04 05:21:03'),(33,18,NULL,'2022-08-04 05:25:43','2022-08-04 05:25:43'),(33,5,NULL,'2022-08-04 05:25:43','2022-08-04 05:25:43'),(34,NULL,'2022-08-04 14:30:05','2022-08-04 05:28:08','2022-08-04 05:29:34'),(34,41,NULL,'2022-08-04 05:29:34','2022-08-04 05:29:34'),(34,38,NULL,'2022-08-04 05:29:34','2022-08-04 05:29:34'),(34,42,NULL,'2022-08-04 05:29:34','2022-08-04 05:29:34'),(34,NULL,'2022-08-04 14:30:05','2022-08-04 05:29:34','2022-08-04 05:29:34'),(35,NULL,'2022-08-04 14:42:25','2022-08-04 05:32:13','2022-08-04 05:38:33'),(35,41,NULL,'2022-08-04 05:38:33','2022-08-04 05:38:33'),(35,38,NULL,'2022-08-04 05:38:33','2022-08-04 05:38:33'),(35,42,NULL,'2022-08-04 05:38:33','2022-08-04 05:38:33'),(35,43,NULL,'2022-08-04 05:38:33','2022-08-04 05:38:33'),(35,NULL,'2022-08-04 14:42:25','2022-08-04 05:38:33','2022-08-04 05:38:33'),(36,NULL,'2022-08-04 05:48:32','2022-08-04 05:47:02','2022-08-04 05:48:32'),(36,4,NULL,'2022-08-04 05:48:32','2022-08-04 05:48:32'),(36,1,NULL,'2022-08-04 05:48:32','2022-08-04 05:48:32'),(36,44,NULL,'2022-08-04 05:48:32','2022-08-04 05:48:32'),(37,45,NULL,'2022-08-04 06:15:39','2022-08-04 06:15:39'),(37,9,NULL,'2022-08-04 06:15:39','2022-08-04 06:15:39'),(37,46,NULL,'2022-08-04 06:15:39','2022-08-04 06:15:39'),(37,47,NULL,'2022-08-04 06:15:39','2022-08-04 06:15:39'),(37,48,NULL,'2022-08-04 06:15:39','2022-08-04 06:15:39'),(38,49,NULL,'2022-08-04 06:17:25','2022-08-04 06:17:25'),(38,50,NULL,'2022-08-04 06:17:25','2022-08-04 06:17:25'),(39,50,NULL,'2022-08-04 06:22:40','2022-08-04 06:22:40'),(39,51,NULL,'2022-08-04 06:22:40','2022-08-04 06:22:40'),(39,52,NULL,'2022-08-04 06:22:40','2022-08-04 06:22:40'),(40,9,NULL,'2022-08-04 06:27:27','2022-08-04 06:27:27'),(41,9,NULL,'2022-08-04 06:28:03','2022-08-04 06:28:03'),(42,50,NULL,'2022-08-04 06:33:21','2022-08-04 06:33:21'),(42,9,NULL,'2022-08-04 06:33:21','2022-08-04 06:33:21'),(42,53,NULL,'2022-08-04 06:33:21','2022-08-04 06:33:21'),(43,4,NULL,'2022-08-04 06:38:39','2022-08-04 06:38:39'),(43,54,NULL,'2022-08-04 06:38:39','2022-08-04 06:38:39'),(43,55,NULL,'2022-08-04 06:38:39','2022-08-04 06:38:39'),(43,56,NULL,'2022-08-04 06:38:39','2022-08-04 06:38:39'),(44,4,NULL,'2022-08-04 06:41:08','2022-08-04 06:41:08'),(44,54,NULL,'2022-08-04 06:41:08','2022-08-04 06:41:08'),(44,56,NULL,'2022-08-04 06:41:08','2022-08-04 06:41:08'),(44,55,NULL,'2022-08-04 06:41:08','2022-08-04 06:41:08'),(45,4,NULL,'2022-08-04 06:42:39','2022-08-04 06:42:39'),(45,57,NULL,'2022-08-04 06:42:39','2022-08-04 06:42:39'),(45,58,NULL,'2022-08-04 06:42:39','2022-08-04 06:42:39'),(46,4,NULL,'2022-08-04 06:44:26','2022-08-04 06:44:26'),(46,57,NULL,'2022-08-04 06:44:26','2022-08-04 06:44:26'),(46,58,NULL,'2022-08-04 06:44:26','2022-08-04 06:44:26'),(46,59,NULL,'2022-08-04 06:44:26','2022-08-04 06:44:26'),(47,60,NULL,'2022-08-04 06:57:49','2022-08-04 06:57:49'),(47,50,NULL,'2022-08-04 06:57:49','2022-08-04 06:57:49'),(48,61,NULL,'2022-08-04 07:00:39','2022-08-04 07:00:39'),(48,62,NULL,'2022-08-04 07:00:39','2022-08-04 07:00:39'),(48,63,NULL,'2022-08-04 07:00:39','2022-08-04 07:00:39'),(49,61,NULL,'2022-08-04 07:01:20','2022-08-04 07:01:20'),(49,63,NULL,'2022-08-04 07:01:20','2022-08-04 07:01:20'),(49,62,NULL,'2022-08-04 07:01:20','2022-08-04 07:01:20'),(50,64,NULL,'2022-08-04 07:02:31','2022-08-04 07:02:31'),(51,60,NULL,'2022-08-04 07:04:04','2022-08-04 07:04:04'),(51,65,NULL,'2022-08-04 07:04:04','2022-08-04 07:04:04'),(51,66,NULL,'2022-08-04 07:04:04','2022-08-04 07:04:04'),(51,67,NULL,'2022-08-04 07:04:04','2022-08-04 07:04:04'),(51,68,NULL,'2022-08-04 07:04:04','2022-08-04 07:04:04'),(52,60,NULL,'2022-08-04 07:05:45','2022-08-04 07:05:45'),(52,27,NULL,'2022-08-04 07:05:45','2022-08-04 07:05:45'),(52,55,NULL,'2022-08-04 07:05:45','2022-08-04 07:05:45'),(53,42,NULL,'2022-08-04 07:07:03','2022-08-04 07:07:03'),(53,69,NULL,'2022-08-04 07:07:03','2022-08-04 07:07:03'),(54,27,NULL,'2022-08-04 20:51:15','2022-08-04 20:51:15'),(54,69,NULL,'2022-08-04 20:51:15','2022-08-04 20:51:15'),(54,70,NULL,'2022-08-04 20:51:15','2022-08-04 20:51:15'),(54,55,NULL,'2022-08-04 20:51:15','2022-08-04 20:51:15'),(55,71,NULL,'2022-08-04 20:52:52','2022-08-04 20:52:52'),(55,72,NULL,'2022-08-04 20:52:52','2022-08-04 20:52:52'),(56,72,NULL,'2022-08-04 20:54:00','2022-08-04 20:54:00'),(56,71,NULL,'2022-08-04 20:54:00','2022-08-04 20:54:00'),(56,73,NULL,'2022-08-04 20:54:00','2022-08-04 20:54:00'),(57,71,NULL,'2022-08-04 20:55:36','2022-08-04 20:55:36'),(57,72,NULL,'2022-08-04 20:55:36','2022-08-04 20:55:36'),(57,10,NULL,'2022-08-04 20:55:36','2022-08-04 20:55:36'),(58,3,NULL,'2022-08-04 20:58:34','2022-08-04 20:58:34'),(58,57,NULL,'2022-08-04 20:58:34','2022-08-04 20:58:34'),(58,74,NULL,'2022-08-04 20:58:34','2022-08-04 20:58:34'),(58,75,NULL,'2022-08-04 20:58:34','2022-08-04 20:58:34'),(58,58,NULL,'2022-08-04 20:58:34','2022-08-04 20:58:34'),(59,75,NULL,'2022-08-04 21:00:03','2022-08-04 21:00:03'),(59,3,NULL,'2022-08-04 21:00:03','2022-08-04 21:00:03'),(59,57,NULL,'2022-08-04 21:00:03','2022-08-04 21:00:03'),(60,50,NULL,'2022-08-04 21:03:39','2022-08-04 21:03:39'),(60,36,NULL,'2022-08-04 21:03:39','2022-08-04 21:03:39'),(61,4,NULL,'2022-08-04 21:06:43','2022-08-04 21:06:43'),(61,77,NULL,'2022-08-04 21:06:43','2022-08-04 21:06:43'),(61,76,NULL,'2022-08-04 21:06:43','2022-08-04 21:06:43'),(61,22,NULL,'2022-08-04 21:06:43','2022-08-04 21:06:43'),(62,78,NULL,'2022-08-04 21:09:40','2022-08-04 21:09:40'),(62,9,NULL,'2022-08-04 21:09:40','2022-08-04 21:09:40'),(62,51,NULL,'2022-08-04 21:09:40','2022-08-04 21:09:40'),(63,78,NULL,'2022-08-04 21:13:32','2022-08-04 21:13:32'),(63,9,NULL,'2022-08-04 21:13:32','2022-08-04 21:13:32'),(63,79,NULL,'2022-08-04 21:13:32','2022-08-04 21:13:32'),(63,80,NULL,'2022-08-04 21:13:32','2022-08-04 21:13:32'),(64,80,NULL,'2022-08-04 21:16:13','2022-08-04 21:16:13'),(64,78,NULL,'2022-08-04 21:16:13','2022-08-04 21:16:13'),(64,9,NULL,'2022-08-04 21:16:13','2022-08-04 21:16:13'),(62,80,NULL,'2022-08-04 21:25:14','2022-08-04 21:25:14'),(65,78,NULL,'2022-08-04 21:27:55','2022-08-04 21:27:55'),(65,9,NULL,'2022-08-04 21:27:55','2022-08-04 21:27:55'),(65,80,NULL,'2022-08-04 21:27:55','2022-08-04 21:27:55'),(66,44,NULL,'2022-08-04 21:30:03','2022-08-04 21:30:03'),(66,4,NULL,'2022-08-04 21:30:03','2022-08-04 21:30:03'),(66,1,NULL,'2022-08-04 21:30:03','2022-08-04 21:30:03'),(66,81,NULL,'2022-08-04 21:30:03','2022-08-04 21:30:03'),(66,82,NULL,'2022-08-04 21:30:03','2022-08-04 21:30:03'),(67,4,NULL,'2022-08-04 21:32:20','2022-08-04 21:32:20'),(67,44,NULL,'2022-08-04 21:32:20','2022-08-04 21:32:20'),(67,1,NULL,'2022-08-04 21:32:20','2022-08-04 21:32:20'),(67,83,NULL,'2022-08-04 21:32:20','2022-08-04 21:32:20'),(68,44,NULL,'2022-08-04 21:35:27','2022-08-04 21:35:27'),(68,4,NULL,'2022-08-04 21:35:27','2022-08-04 21:35:27'),(68,1,NULL,'2022-08-04 21:35:27','2022-08-04 21:35:27'),(68,84,NULL,'2022-08-04 21:35:27','2022-08-04 21:35:27'),(69,4,NULL,'2022-08-04 21:41:47','2022-08-04 21:41:47'),(69,44,NULL,'2022-08-04 21:41:47','2022-08-04 21:41:47'),(69,38,NULL,'2022-08-04 21:41:47','2022-08-04 21:41:47'),(69,83,NULL,'2022-08-04 21:41:47','2022-08-04 21:41:47'),(70,4,NULL,'2022-08-04 21:44:46','2022-08-04 21:44:46'),(70,1,NULL,'2022-08-04 21:44:46','2022-08-04 21:44:46'),(70,38,NULL,'2022-08-04 21:44:46','2022-08-04 21:44:46'),(70,2,NULL,'2022-08-04 21:45:12','2022-08-04 21:45:12'),(71,85,NULL,'2022-08-04 21:47:59','2022-08-04 21:47:59'),(72,85,NULL,'2022-08-04 21:50:42','2022-08-04 21:50:42'),(73,34,NULL,'2022-08-04 21:52:06','2022-08-04 21:52:06'),(73,63,NULL,'2022-08-04 21:52:06','2022-08-04 21:52:06'),(74,4,NULL,'2022-08-04 21:56:58','2022-08-04 21:56:58'),(74,1,NULL,'2022-08-04 21:56:58','2022-08-04 21:56:58'),(74,81,NULL,'2022-08-04 21:56:58','2022-08-04 21:56:58'),(74,86,NULL,'2022-08-04 21:56:58','2022-08-04 21:56:58'),(74,18,NULL,'2022-08-04 21:56:58','2022-08-04 21:56:58'),(74,87,NULL,'2022-08-04 21:56:58','2022-08-04 21:56:58'),(74,88,NULL,'2022-08-04 21:56:59','2022-08-04 21:56:59'),(75,89,NULL,'2022-08-04 22:01:33','2022-08-04 22:01:33'),(75,90,NULL,'2022-08-04 22:01:33','2022-08-04 22:01:33'),(75,91,NULL,'2022-08-04 22:01:33','2022-08-04 22:01:33'),(75,92,NULL,'2022-08-04 22:01:33','2022-08-04 22:01:33'),(76,89,NULL,'2022-08-04 22:02:52','2022-08-04 22:02:52'),(76,91,NULL,'2022-08-04 22:02:52','2022-08-04 22:02:52'),(76,4,NULL,'2022-08-04 22:02:52','2022-08-04 22:02:52'),(76,90,NULL,'2022-08-04 22:02:52','2022-08-04 22:02:52'),(76,92,NULL,'2022-08-04 22:02:52','2022-08-04 22:02:52'),(77,89,NULL,'2022-08-04 22:05:33','2022-08-04 22:05:33'),(77,91,NULL,'2022-08-04 22:05:33','2022-08-04 22:05:33'),(77,90,NULL,'2022-08-04 22:05:33','2022-08-04 22:05:33'),(77,92,NULL,'2022-08-04 22:05:33','2022-08-04 22:05:33'),(77,93,NULL,'2022-08-04 22:05:33','2022-08-04 22:05:33'),(77,94,NULL,'2022-08-04 22:05:33','2022-08-04 22:05:33'),(77,85,NULL,'2022-08-04 22:05:33','2022-08-04 22:05:33'),(78,93,NULL,'2022-08-04 22:08:03','2022-08-04 22:08:03'),(78,54,NULL,'2022-08-04 22:08:03','2022-08-04 22:08:03'),(78,56,NULL,'2022-08-04 22:08:03','2022-08-04 22:08:03'),(78,55,NULL,'2022-08-04 22:08:03','2022-08-04 22:08:03'),(79,95,NULL,'2022-08-04 22:10:14','2022-08-04 22:10:14'),(79,93,NULL,'2022-08-04 22:10:14','2022-08-04 22:10:14'),(79,96,NULL,'2022-08-04 22:10:14','2022-08-04 22:10:14'),(79,97,NULL,'2022-08-04 22:10:14','2022-08-04 22:10:14'),(80,93,NULL,'2022-08-04 22:12:22','2022-08-04 22:12:22'),(80,89,NULL,'2022-08-04 22:12:22','2022-08-04 22:12:22'),(80,98,NULL,'2022-08-04 22:12:22','2022-08-04 22:12:22'),(80,91,NULL,'2022-08-04 22:12:22','2022-08-04 22:12:22'),(80,96,NULL,'2022-08-04 22:12:22','2022-08-04 22:12:22'),(80,94,NULL,'2022-08-04 22:12:22','2022-08-04 22:12:22'),(80,85,NULL,'2022-08-04 22:12:22','2022-08-04 22:12:22'),(81,4,NULL,'2022-08-04 22:58:16','2022-08-04 22:58:16'),(81,99,NULL,'2022-08-04 22:58:16','2022-08-04 22:58:16'),(81,100,NULL,'2022-08-04 22:58:16','2022-08-04 22:58:16'),(82,2,NULL,'2022-08-04 22:59:51','2022-08-04 22:59:51'),(82,1,NULL,'2022-08-04 22:59:51','2022-08-04 22:59:51'),(82,81,NULL,'2022-08-04 22:59:51','2022-08-04 22:59:51'),(83,50,NULL,'2022-08-04 23:04:08','2022-08-04 23:04:08'),(83,101,NULL,'2022-08-04 23:04:08','2022-08-04 23:04:08'),(83,36,NULL,'2022-08-04 23:04:08','2022-08-04 23:04:08'),(84,4,NULL,'2022-08-04 23:07:10','2022-08-04 23:07:10'),(84,81,NULL,'2022-08-04 23:07:10','2022-08-04 23:07:10'),(84,85,NULL,'2022-08-04 23:07:10','2022-08-04 23:07:10'),(84,103,NULL,'2022-08-04 23:07:10','2022-08-04 23:07:10'),(84,18,NULL,'2022-08-04 23:07:10','2022-08-04 23:07:10'),(85,4,NULL,'2022-08-04 23:10:38','2022-08-04 23:10:38'),(85,5,NULL,'2022-08-04 23:10:38','2022-08-04 23:10:38'),(86,96,NULL,'2022-08-04 23:13:42','2022-08-04 23:13:42'),(86,104,NULL,'2022-08-04 23:13:42','2022-08-04 23:13:42'),(86,106,NULL,'2022-08-04 23:13:42','2022-08-04 23:13:42'),(87,107,NULL,'2022-08-04 23:15:50','2022-08-04 23:15:50'),(87,12,NULL,'2022-08-04 23:15:50','2022-08-04 23:15:50'),(87,1,NULL,'2022-08-04 23:15:50','2022-08-04 23:15:50'),(88,1,NULL,'2022-08-04 23:18:23','2022-08-04 23:18:23'),(88,108,NULL,'2022-08-04 23:18:23','2022-08-04 23:18:23'),(89,108,NULL,'2022-08-04 23:19:14','2022-08-04 23:19:14'),(89,1,NULL,'2022-08-04 23:19:14','2022-08-04 23:19:14'),(90,2,NULL,'2022-08-04 23:20:42','2022-08-04 23:20:42'),(90,81,NULL,'2022-08-04 23:20:42','2022-08-04 23:20:42'),(91,1,NULL,'2022-08-04 23:21:42','2022-08-04 23:21:42'),(92,38,NULL,'2022-08-04 23:24:43','2022-08-04 23:24:43'),(92,92,NULL,'2022-08-04 23:24:43','2022-08-04 23:24:43'),(92,109,NULL,'2022-08-04 23:24:43','2022-08-04 23:24:43'),(92,81,NULL,'2022-08-04 23:24:43','2022-08-04 23:24:43'),(92,1,NULL,'2022-08-04 23:24:43','2022-08-04 23:24:43'),(93,1,NULL,'2022-08-04 23:30:55','2022-08-04 23:30:55'),(93,108,NULL,'2022-08-04 23:30:55','2022-08-04 23:30:55'),(94,4,NULL,'2022-08-04 23:32:32','2022-08-04 23:32:32'),(94,110,NULL,'2022-08-04 23:32:32','2022-08-04 23:32:32'),(95,50,NULL,'2022-08-04 23:33:44','2022-08-04 23:33:44'),(95,56,NULL,'2022-08-04 23:33:44','2022-08-04 23:33:44'),(95,54,NULL,'2022-08-04 23:33:44','2022-08-04 23:33:44'),(95,55,NULL,'2022-08-04 23:33:44','2022-08-04 23:33:44'),(96,111,NULL,'2022-08-04 23:35:05','2022-08-04 23:35:05'),(96,83,NULL,'2022-08-04 23:35:05','2022-08-04 23:35:05'),(97,1,NULL,'2022-08-04 23:37:02','2022-08-04 23:37:02'),(97,112,NULL,'2022-08-04 23:37:02','2022-08-04 23:37:02'),(97,113,NULL,'2022-08-04 23:37:02','2022-08-04 23:37:02'),(98,4,NULL,'2022-08-04 23:40:15','2022-08-04 23:40:15'),(98,5,NULL,'2022-08-04 23:40:15','2022-08-04 23:40:15'),(98,99,NULL,'2022-08-04 23:40:15','2022-08-04 23:40:15'),(99,1,NULL,'2022-08-04 23:44:13','2022-08-04 23:44:13'),(99,81,NULL,'2022-08-04 23:44:13','2022-08-04 23:44:13'),(100,84,NULL,'2022-08-04 23:46:12','2022-08-04 23:46:12'),(100,4,NULL,'2022-08-04 23:46:12','2022-08-04 23:46:12'),(100,115,NULL,'2022-08-04 23:46:12','2022-08-04 23:46:12'),(101,4,NULL,'2022-08-04 23:47:25','2022-08-04 23:47:25'),(101,5,NULL,'2022-08-04 23:47:25','2022-08-04 23:47:25'),(101,21,NULL,'2022-08-04 23:47:25','2022-08-04 23:47:25'),(102,1,NULL,'2022-08-04 23:48:38','2022-08-04 23:48:38'),(102,83,NULL,'2022-08-04 23:48:38','2022-08-04 23:48:38'),(103,4,NULL,'2022-08-04 23:49:59','2022-08-04 23:49:59'),(103,5,NULL,'2022-08-04 23:49:59','2022-08-04 23:49:59'),(104,4,NULL,'2022-08-04 23:51:23','2022-08-04 23:51:23'),(104,5,NULL,'2022-08-04 23:51:23','2022-08-04 23:51:23'),(104,21,NULL,'2022-08-04 23:51:23','2022-08-04 23:51:23'),(105,4,NULL,'2022-08-04 23:53:06','2022-08-04 23:53:06'),(105,5,NULL,'2022-08-04 23:53:06','2022-08-04 23:53:06'),(105,116,NULL,'2022-08-04 23:53:06','2022-08-04 23:53:06'),(105,21,NULL,'2022-08-04 23:53:06','2022-08-04 23:53:06'),(106,122,NULL,'2022-08-05 00:19:34','2022-08-05 00:19:34'),(106,123,NULL,'2022-08-05 00:19:34','2022-08-05 00:19:34'),(107,124,NULL,'2022-08-05 00:21:34','2022-08-05 00:21:34'),(107,123,NULL,'2022-08-05 00:21:34','2022-08-05 00:21:34'),(108,123,NULL,'2022-08-05 00:23:53','2022-08-05 00:23:53'),(108,125,NULL,'2022-08-05 00:23:53','2022-08-05 00:23:53'),(109,126,NULL,'2022-08-05 00:32:34','2022-08-05 00:32:34'),(110,127,NULL,'2022-08-05 00:35:06','2022-08-05 00:35:06'),(110,128,NULL,'2022-08-05 00:35:06','2022-08-05 00:35:06'),(111,127,NULL,'2022-08-05 00:36:26','2022-08-05 00:36:26'),(111,128,NULL,'2022-08-05 00:36:26','2022-08-05 00:36:26'),(111,129,NULL,'2022-08-05 00:36:26','2022-08-05 00:36:26'),(112,130,NULL,'2022-08-05 01:03:48','2022-08-05 01:03:48'),(112,131,NULL,'2022-08-05 01:03:48','2022-08-05 01:03:48'),(113,130,NULL,'2022-08-05 01:06:08','2022-08-05 01:06:08'),(113,132,NULL,'2022-08-05 01:06:08','2022-08-05 01:06:08'),(114,130,NULL,'2022-08-05 01:07:04','2022-08-05 01:07:04'),(114,132,NULL,'2022-08-05 01:07:04','2022-08-05 01:07:04'),(115,132,NULL,'2022-08-05 01:10:45','2022-08-05 01:10:45'),(116,132,NULL,'2022-08-05 01:12:51','2022-08-05 01:12:51'),(116,133,NULL,'2022-08-05 01:12:51','2022-08-05 01:12:51'),(116,134,NULL,'2022-08-05 01:12:51','2022-08-05 01:12:51'),(117,133,NULL,'2022-08-05 01:14:21','2022-08-05 01:14:21'),(118,134,NULL,'2022-08-05 01:15:08','2022-08-05 01:15:08'),(118,132,NULL,'2022-08-05 01:15:08','2022-08-05 01:15:08'),(119,135,NULL,'2022-08-05 05:10:29','2022-08-05 05:10:29'),(119,59,NULL,'2022-08-05 05:10:29','2022-08-05 05:10:29'),(120,135,NULL,'2022-08-05 05:16:31','2022-08-05 05:16:31'),(120,136,NULL,'2022-08-05 05:16:31','2022-08-05 05:16:31');
/*!40000 ALTER TABLE `book_mark_tags` ENABLE KEYS */;
UNLOCK TABLES;

--
-- Table structure for table `book_marks`
--

DROP TABLE IF EXISTS `book_marks`;
/*!40101 SET @saved_cs_client     = @@character_set_client */;
/*!40101 SET character_set_client = utf8 */;
CREATE TABLE `book_marks` (
  `id` bigint(20) unsigned NOT NULL AUTO_INCREMENT,
  `user_id` bigint(20) unsigned NOT NULL,
  `title` varchar(255) COLLATE utf8mb4_unicode_ci NOT NULL,
  `url` longtext COLLATE utf8mb4_unicode_ci NOT NULL,
  `deleted_at` timestamp NULL DEFAULT NULL,
  `created_at` timestamp NULL DEFAULT NULL,
  `updated_at` timestamp NULL DEFAULT NULL,
  PRIMARY KEY (`id`),
  KEY `book_marks_user_id_index` (`user_id`),
  CONSTRAINT `book_marks_user_id_foreign` FOREIGN KEY (`user_id`) REFERENCES `users` (`id`)
) ENGINE=InnoDB AUTO_INCREMENT=121 DEFAULT CHARSET=utf8mb4 COLLATE=utf8mb4_unicode_ci;
/*!40101 SET character_set_client = @saved_cs_client */;

--
-- Dumping data for table `book_marks`
--

LOCK TABLES `book_marks` WRITE;
/*!40000 ALTER TABLE `book_marks` DISABLE KEYS */;
INSERT INTO `book_marks` VALUES (2,1,'みんなシステムズ','https://minna-systems.co.jp/','2022-08-02 05:53:16','2022-07-31 21:03:34','2022-08-02 05:53:16'),(3,1,'vue.jsでheadの要素を設定する時はvue-headが便利！','https://ti-tomo-knowledge.hatenablog.com/entry/2018/06/21/104519',NULL,'2022-08-01 01:37:33','2022-08-02 06:06:23'),(4,1,'【CSS】cursorの使い方：カーソル形状の変え方と値一覧','https://saruwakakun.com/html-css/basic/cursor',NULL,'2022-08-01 01:48:03','2022-08-01 01:48:03'),(5,1,'チェックボックス（input[type=”checkbox”]）を操作する [Vue.js]','https://johobase.com/vue-js-input-checkbox/',NULL,'2022-08-01 01:50:34','2022-08-01 01:50:34'),(6,1,'Vueでジェネリックと継承を使って処理の共通化をした話','https://qiita.com/TomK/items/9ecd63d0f6b44cdd5e3c',NULL,'2022-08-01 01:52:12','2022-08-01 01:52:12'),(7,1,'【初心者】htmlで折りたたみ機能をつけるやり方2つを紹介','https://web-camp.io/magazine/archives/83347',NULL,'2022-08-01 03:57:52','2022-08-01 03:57:52'),(8,1,'【Vue】propsのtypeとは何か？プロパティ設定時の注意点と使い方を実例で解説｜type, default, required, validation（自分でバリデーションを作成する方法）','https://prograshi.com/language/vue-js/validators-for-props/',NULL,'2022-08-01 23:37:55','2022-08-01 23:37:55'),(9,1,'CSSで要素を右寄せする方法の全て｜文字も画像も右寄せにしよう','https://www.sejuku.net/blog/72034',NULL,'2022-08-02 04:13:34','2022-08-02 04:13:34'),(10,1,'MySQL トランザクション分離レベルを確認する方法','https://marock.tokyo/2021/07/13/mysql-%E3%83%88%E3%83%A9%E3%83%B3%E3%82%B6%E3%82%AF%E3%82%B7%E3%83%A7%E3%83%B3%E5%88%86%E9%9B%A2%E3%83%AC%E3%83%99%E3%83%AB%E3%82%92%E7%A2%BA%E8%AA%8D%E3%81%99%E3%82%8B%E6%96%B9%E6%B3%95/',NULL,'2022-08-02 04:14:40','2022-08-02 04:14:40'),(11,1,'Laravelで行ロックとテーブルロックする方法【lockForUpdate】','https://mintaku-blog.net/laravel-lockforupdate/',NULL,'2022-08-02 04:15:49','2022-08-02 04:15:49'),(12,1,'【Laravel】 From句にサブクエリを使用する','https://qiita.com/bashi4/items/0da586fde8cfd74667a1',NULL,'2022-08-02 04:18:27','2022-08-02 04:18:27'),(13,1,'from句のサブクエリ','https://www.larajapan.com/2021/08/03/from%E5%8F%A5%E3%81%AE%E3%82%B5%E3%83%96%E3%82%AF%E3%82%A8%E3%83%AA/',NULL,'2022-08-02 04:19:44','2022-08-02 04:19:44'),(14,1,'実はヤバい？aタグと別タブで開く（target=”_blank”）の使い方','https://wwg.co.jp/blog/3807',NULL,'2022-08-02 04:32:16','2022-08-02 04:32:16'),(15,1,'Laravelのメッセージを日本語化する','https://pgmemo.tokyo/data/archives/1356.html',NULL,'2022-08-02 21:37:42','2022-08-02 21:37:42'),(16,1,'Laravelの言語を日本語に変更','https://qiita.com/mitashun/items/160784ce352cf529f853',NULL,'2022-08-02 21:42:10','2022-08-02 21:42:10'),(17,1,'【Laravel】認証メール・エラーメッセージを日本語化する','https://into-the-program.com/laravel-message-translation-japanese/',NULL,'2022-08-02 22:16:37','2022-08-02 22:16:37'),(18,1,'ラジオボタン（input[type=”radio”]）を操作する [Vue.js]','https://johobase.com/vue-js-input-radio/',NULL,'2022-08-02 23:08:27','2022-08-02 23:08:27'),(19,1,'【CSS】position使い方まとめ！種類一覧と注意点も解説','https://jajaaan.co.jp/web-production/frontend/position/',NULL,'2022-08-02 23:26:38','2022-08-02 23:26:38'),(20,1,'Laravel Eloquent テーブル名やカラム名に別名をつける方法','https://halfpower.work/2020/07/03/laravel-eloquent-%E3%83%86%E3%83%BC%E3%83%96%E3%83%AB%E5%90%8D%E3%82%84%E3%82%AB%E3%83%A9%E3%83%A0%E5%90%8D%E3%81%AB%E5%88%A5%E5%90%8D%E3%82%92%E3%81%A4%E3%81%91%E3%82%8B%E6%96%B9%E6%B3%95/',NULL,'2022-08-02 23:29:34','2022-08-02 23:29:34'),(21,1,'【Laravel】実装コード上で.envの値はconfig()で取得する','https://qiita.com/mitashun/items/96caaf1c1f36eada20f2',NULL,'2022-08-02 23:30:46','2022-08-02 23:30:46'),(22,1,'【社会人向け】無料で英語が学べる最高のサービス・アプリを8つ集めました。','https://twitter.com/tabestation/status/1551689277444362241',NULL,'2022-08-03 17:46:56','2022-08-03 17:46:56'),(23,1,'Laravel5で「.. or ...) and (..」みたいな複雑な条件を書く','https://qiita.com/Hwoa/items/542456b63e51895f9a55',NULL,'2022-08-04 00:14:56','2022-08-04 00:14:56'),(24,1,'LaravelのBladeにVueコンポーネントを組み込む','https://blog.shonansurvivors.com/entry/laravel-blade-vue',NULL,'2022-08-04 00:49:48','2022-08-04 00:49:48'),(25,1,'飽きっぽく興味が多い自分が出会った「マルチ・ポテンシャライト」という可能性','https://note.com/kkd/n/n6b29ad0cb320',NULL,'2022-08-04 04:18:08','2022-08-04 04:18:08'),(26,1,'飽きっぽく興味が多い自分が出会った「マルチ・ポテンシャライト」という可能性','https://liginc.co.jp/526485',NULL,'2022-08-04 04:22:44','2022-08-04 04:22:44'),(27,1,'HTTPステータスコード一覧と リクエストとレスポンスの意味を解説','https://www.itmanage.co.jp/column/http-www-request-response-statuscode/',NULL,'2022-08-04 04:24:15','2022-08-04 04:24:15'),(28,1,'Smartくじ インスタントウィンに特化したデジタルWEB抽選システム','https://kuji.smartpr.jp/',NULL,'2022-08-04 04:26:15','2022-08-04 04:26:15'),(29,1,'【新卒必見！】絶対に知っていたほうがいい業務効率化について紹介！','https://croozblog.hatenablog.com/entry/2022/06/24/151630',NULL,'2022-08-04 04:38:41','2022-08-04 04:38:41'),(30,1,'SPA, SSR, SSGって結局なんなんだっけ？','https://zenn.dev/rinda_1994/articles/e6d8e3150b312d',NULL,'2022-08-04 04:41:13','2022-08-04 04:41:13'),(31,1,'SPA, SSR, SSGの違いについて図解でまとめてみた','https://shimablogs.com/spa-ssr-ssg-difference',NULL,'2022-08-04 04:42:08','2022-08-04 04:42:08'),(32,1,'SPAとMPAって何が違うの？SPAにしたほうがいい？','https://scrapbox.io/vue-yawaraka/SPA%E3%81%A8MPA%E3%81%A3%E3%81%A6%E4%BD%95%E3%81%8C%E9%81%95%E3%81%86%E3%81%AE%EF%BC%9FSPA%E3%81%AB%E3%81%97%E3%81%9F%E3%81%BB%E3%81%86%E3%81%8C%E3%81%84%E3%81%84%EF%BC%9F',NULL,'2022-08-04 04:43:42','2022-08-04 05:21:03'),(33,1,'MySQL Now関数(現在時刻、日時を取得)','https://bituse.info/mysql/35',NULL,'2022-08-04 05:25:43','2022-08-04 05:25:43'),(34,1,'Webサイト SPAとMPAの違い','https://www.azusuki.com/spa-mpa/',NULL,'2022-08-04 05:28:08','2022-08-04 05:29:34'),(35,1,'【MPA vs SPA】フロントエンドアーキテクチャ選定時のTips','https://deliv.tech/2020/11/10/mpa-vs-spa/',NULL,'2022-08-04 05:32:13','2022-08-04 05:38:33'),(36,1,'LaravelフレームワークのInertia.jsって何者','https://reffect.co.jp/laravel/laravel-inertia-js',NULL,'2022-08-04 05:47:02','2022-08-04 05:48:32'),(37,1,'あなたの職場は大丈夫？　ブラック企業の見分け方　心理的安全性の解説','https://wasedamental.com/youtubemovie/5740/',NULL,'2022-08-04 06:15:39','2022-08-04 06:15:39'),(38,1,'qiita conference 2022','https://qiita.com/official-campaigns/conference/2022',NULL,'2022-08-04 06:17:25','2022-08-04 06:17:25'),(39,1,'自走できるエンジニアとは','https://zenn.dev/erukiti/articles/self-running',NULL,'2022-08-04 06:22:40','2022-08-04 06:22:40'),(40,1,'えいちゃん商事','https://ei-commercial.com/',NULL,'2022-08-04 06:27:27','2022-08-04 06:27:27'),(41,1,'中小企業への就職は必ずしも怖いとは限らない理由','https://ei-commercial.com/chusho-sakenai',NULL,'2022-08-04 06:28:03','2022-08-04 06:28:03'),(42,1,'実務未経験からエンジニアとして入社する前の採用面接を振り返ってみた','https://note.com/meisterguild/n/n2e9555a6aca4',NULL,'2022-08-04 06:33:21','2022-08-04 06:33:21'),(43,1,'【2022年版】Laravel学習におすすめの入門書3選','https://engineer-life.dev/laravel-books/',NULL,'2022-08-04 06:38:39','2022-08-04 06:38:39'),(44,1,'Laravelのオススメ参考書を5選を紹介！【初心者が読むべき本とは？】','https://engineer-ninaritai.com/laravel-book/',NULL,'2022-08-04 06:41:08','2022-08-04 06:41:08'),(45,1,'【2022年決定版】VSCodeをLaravel超特化型にする 最高の拡張機能10選まとめ。 【VisualStudio Code】【プラグイン】','https://yurupro.cloud/2132/',NULL,'2022-08-04 06:42:39','2022-08-04 06:42:39'),(46,1,'【PHP、Laravel編】VsCodeに入れるべき必須の便利プラグイン&初期設定','https://maasaablog.com/tools/visual-studio-code/624/',NULL,'2022-08-04 06:44:26','2022-08-04 06:44:26'),(47,1,'Git 作業における commit と push の頻度について','https://qiita.com/kozyty@github/items/87fa95a236b6142f7c10',NULL,'2022-08-04 06:57:49','2022-08-04 06:57:49'),(48,1,'公開したら試したい！アプリ検索で上位表示させるASO施策方法','https://moduleapps.com/mobile-marketing/aso/',NULL,'2022-08-04 07:00:39','2022-08-04 07:00:39'),(49,1,'Google Play でアプリを見つけてもらいやすくする','https://support.google.com/googleplay/android-developer/answer/4448378?hl=ja',NULL,'2022-08-04 07:01:20','2022-08-04 07:01:20'),(50,1,'基本的な正規表現一覧','https://murashun.jp/article/programming/regular-expression.html',NULL,'2022-08-04 07:02:31','2022-08-04 07:02:31'),(51,1,'GitHubを使うなら最低限知っておきたい、プルリクエストの送り方とレビュー、マージの基本','https://atmarkit.itmedia.co.jp/ait/articles/1702/27/news022.html',NULL,'2022-08-04 07:04:04','2022-08-04 07:04:04'),(52,1,'さる先生のgit入門','https://backlog.com/ja/git-tutorial/',NULL,'2022-08-04 07:05:45','2022-08-04 07:05:45'),(53,1,'フロントエンドのコーディングに役立つリソースとツール','https://iret.media/59226',NULL,'2022-08-04 07:07:03','2022-08-04 07:07:03'),(54,1,'【ビジネスパーソン向け】デザインを圧倒的に効率化できる有益すぎる”Parts.”を紹介します。','https://twitter.com/tabestation/status/1555313155777126400',NULL,'2022-08-04 20:51:15','2022-08-04 20:51:15'),(55,1,'NeosVRの楽しみ方いろいろ：ソーシャル編','https://dinosaur-fossil.hatenablog.com/entry/2021/10/25/183322',NULL,'2022-08-04 20:52:52','2022-08-04 20:52:52'),(56,1,'VRメタバース【Neos VR】の始め方！《アカウント作成からチュートリアルまで》','https://www.virtual-saisai.com/vr-sns-neos-vr-start',NULL,'2022-08-04 20:54:00','2022-08-04 20:54:00'),(57,1,'NeosVR日本語Wiki','https://neosvrjp.memo.wiki/d/%BB%CF%A4%E1%CA%FD',NULL,'2022-08-04 20:55:36','2022-08-04 20:55:36'),(58,1,'【JavaScript】コードの文法チェックとフォーマティング','https://qiita.com/yacchi1123/items/2fea98f3439540e9e1c3',NULL,'2022-08-04 20:58:34','2022-08-04 20:58:34'),(59,1,'ESLintでJavaScriptの文法をチェックする（VS Code拡張機能の使い方も）','https://katanugramer.hatenablog.com/entry/2020/06/14/144252',NULL,'2022-08-04 21:00:03','2022-08-04 21:00:03'),(60,1,'エンジニアはもっと図を書こう','https://syossan.hateblo.jp/entry/2022/04/11/221723',NULL,'2022-08-04 21:03:39','2022-08-04 21:03:39'),(61,1,'【Laravel】 認証や認可に関する補足資料','https://qiita.com/mpyw/items/8c5413b99b8e299f7002',NULL,'2022-08-04 21:06:43','2022-08-04 21:06:43'),(62,1,'スタートアップフェーズの特徴','https://amater.as/phase/',NULL,'2022-08-04 21:09:40','2022-08-04 21:25:14'),(63,1,'スタートアップ転職・副業のためのQ&A','https://amater.as/qa/',NULL,'2022-08-04 21:13:32','2022-08-04 21:13:32'),(64,1,'ベンチャー企業の成長フェーズ：シード、アーリー、グロース、レイター  ベンチャー企業は、いつまでベンチャー企業?','https://ctoforgood.com/2018/06/startup-growth-phase/',NULL,'2022-08-04 21:16:13','2022-08-04 21:16:13'),(65,1,'スタートアップの成長フェーズを知る','https://initial.inc/articles/7oUK5qkbYvX4tLeU0VMnwM',NULL,'2022-08-04 21:27:55','2022-08-04 21:27:55'),(66,1,'LaravelでのInertiaの基本を実際に使って把握する','https://zenn.dev/misaka/articles/c81fa95f1c00a1',NULL,'2022-08-04 21:30:03','2022-08-04 21:30:03'),(67,1,'LaravelフレームワークのInertia.jsって何者','https://reffect.co.jp/laravel/laravel-inertia-js',NULL,'2022-08-04 21:32:20','2022-08-04 21:32:20'),(68,1,'Laravel + Inertia + Vueで簡単にAPI実装する','https://qiita.com/Ayumu_Usu/items/9bc9c8684222f2eed7cd',NULL,'2022-08-04 21:35:27','2022-08-04 21:35:27'),(69,1,'Inertia.jsでシンプルにSPAを構築する　Inertia入門#１','https://blog.shipweb.jp/archives/398',NULL,'2022-08-04 21:41:47','2022-08-04 21:41:47'),(70,1,'Laravel9＋Vue2＋VuetifyでSPA環境構築','https://zenn.dev/404_notfound/articles/d4eea560196dba',NULL,'2022-08-04 21:44:46','2022-08-04 21:45:12'),(71,1,'PHP クリックされたボタンに応じて処理を実行する','https://watermargin.net/programming/php/php-%E3%82%AF%E3%83%AA%E3%83%83%E3%82%AF%E3%81%95%E3%82%8C%E3%81%9F%E3%83%9C%E3%82%BF%E3%83%B3%E3%81%AB%E5%BF%9C%E3%81%98%E3%81%A6%E5%87%A6%E7%90%86%E3%82%92%E5%AE%9F%E8%A1%8C%E3%81%99%E3%82%8B/',NULL,'2022-08-04 21:47:59','2022-08-04 21:47:59'),(72,1,'PHPでボタンをクリックし関数を呼び出し配列の中からランダムに要素を抽出する','https://laboratory.kazuuu.net/click-a-button-in-php-to-call-a-function-to-extract-a-random-element-from-an-array/',NULL,'2022-08-04 21:50:42','2022-08-04 21:50:42'),(73,1,'高機能クラウドposレジスマレジ','https://smaregi.jp/',NULL,'2022-08-04 21:52:06','2022-08-04 21:52:06'),(74,1,'Laravelで学ぶ！実践的なWebアプリケーション開発','https://kumatetsublog.com/laravel-tutorial-web-application',NULL,'2022-08-04 21:56:58','2022-08-04 21:56:58'),(75,1,'Amazon LightsailでLAMPサーバーを構築する','https://www.blog.danishi.net/2019/05/06/post-1025/',NULL,'2022-08-04 22:01:33','2022-08-04 22:01:33'),(76,1,'Amazon Lightsail（LAMP）でLaravelを動かす','https://qiita.com/shin1kt/items/b4d300e4e6a450ba29a5',NULL,'2022-08-04 22:02:52','2022-08-04 22:02:52'),(77,1,'Amazon LightsailにPHP8系のLAMP環境を構築してみた','https://juno-blog.site/article/amazon-lightsail-ubuntu-php8/',NULL,'2022-08-04 22:05:33','2022-08-04 22:05:33'),(78,1,'2020年版】Apache学習におすすめの入門書3選','https://komodblog.com/apache-books/',NULL,'2022-08-04 22:08:03','2022-08-04 22:08:03'),(79,1,'【Ubuntu】Apacheの再起動・起動・停止コマンド','https://deep-blog.jp/engineer/12315/',NULL,'2022-08-04 22:10:14','2022-08-04 22:10:14'),(80,1,'AWSのEC2にLAMP環境（Linux、Apache、MariaDB、PHP）を作成し、Laravelをインストールする','https://specially198.com/create-a-lamp-environment-on-aws-ec2-and-install-laravel/',NULL,'2022-08-04 22:12:22','2022-08-04 22:12:22'),(81,1,'Laravelのモデルとマイグレーションを同時に作成する方法','https://php-junkie.net/framework/laravel/create-model-migration/',NULL,'2022-08-04 22:58:16','2022-08-04 22:58:16'),(82,1,'Vuetifyのv-dialogを使う方法','https://poppotennis.com/posts/vuetify-dialog',NULL,'2022-08-04 22:59:50','2022-08-04 22:59:50'),(83,1,'コードリーディングのコツは極力コードを読まないこと','https://note.com/simplearchitect/n/n8cd219056536',NULL,'2022-08-04 23:04:08','2022-08-04 23:04:08'),(84,1,'Laravel で簡単な掲示板を作る','https://zenn.dev/iamwanabi/articles/61bccaa3202168',NULL,'2022-08-04 23:07:10','2022-08-04 23:07:10'),(85,1,'Laravel・データベースのデータ操作（追加／変更／削除）する全実例','https://blog.capilano-fw.com/?p=699',NULL,'2022-08-04 23:10:38','2022-08-04 23:10:38'),(86,1,'cron を使用した時間指定','https://qiita.com/nemutas/items/3f5816eabbf0eda5e6a9',NULL,'2022-08-04 23:13:42','2022-08-04 23:13:42'),(87,1,'【Vue CLI】普通の外部CSSをcomponent全体に反映させたい','https://nekorokkekun.hatenablog.com/entry/2019/07/30/222507',NULL,'2022-08-04 23:15:50','2022-08-04 23:15:50'),(88,1,'Vue.jsにVue Routerを導入して、タグで画面遷移する方法！','https://codelikes.com/install-vue-router/',NULL,'2022-08-04 23:18:23','2022-08-04 23:18:23'),(89,1,'Vue.js 3 入門 「ルーティング」（Vue Router）','https://qiita.com/yagi405/items/e41484fdc3795934172a',NULL,'2022-08-04 23:19:14','2022-08-04 23:19:14'),(90,1,'Vuetify2.x でよく使うUIComponents まとめ','https://qiita.com/is_ryo/items/6bfa55599becd2f35879',NULL,'2022-08-04 23:20:42','2022-08-04 23:20:42'),(91,1,'Vue.jsで孫 → 親コンポーネントへの値の受け渡しを楽に行う方法','https://zenn.dev/k_kudo/articles/5e60caba140ad7',NULL,'2022-08-04 23:21:42','2022-08-04 23:21:42'),(92,1,'[Vue.js] SPAを最速で作成！ついでにhistoryモードでGithub Pagesへデプロイ：こまけぇこたぁいいんだよ ─ のんびりVue.js超入門［第10回］','https://myscreate.com/komakee-vue-spa/',NULL,'2022-08-04 23:24:43','2022-08-04 23:24:43'),(93,1,'【Vue2】 Vue Routerの機能の整理','https://qiita.com/JetNel0/items/2ce317fdf4abbb89801e',NULL,'2022-08-04 23:30:55','2022-08-04 23:30:55'),(94,1,'【Laravel】ルーティングをまとめる方法','https://tektektech.com/laravel-gather-route/',NULL,'2022-08-04 23:32:32','2022-08-04 23:32:32'),(95,1,'【雑学】新卒一年目でWeb企業に入社した僕が、読んでためになった(と思う)本','https://tektektech.com/recomend-books-2019/',NULL,'2022-08-04 23:33:44','2022-08-04 23:33:44'),(96,1,'async/await を完全に理解してからもう少し理解する','https://zenn.dev/vatscy/articles/d4782637dd4257ef9822',NULL,'2022-08-04 23:35:05','2022-08-04 23:35:05'),(97,1,'VueのUIフレームワーク選定','https://qiita.com/yoshiplur/items/d39fe389d363a66dbb1c',NULL,'2022-08-04 23:37:02','2022-08-04 23:37:02'),(98,1,'【Laravel】初めてのマイグレーション','https://qiita.com/manbolila/items/c19735438affefbfbe69',NULL,'2022-08-04 23:40:15','2022-08-04 23:40:15'),(99,1,'Vue.jsでボタンをdisabledして押せなくする','https://kensa-nitizyo.com/363/',NULL,'2022-08-04 23:44:13','2022-08-04 23:44:13'),(100,1,'Laravel: APIの例外はJSONを返そう','https://zenn.dev/blancpanda/articles/laravel-api-exception-renderer',NULL,'2022-08-04 23:46:12','2022-08-04 23:46:12'),(101,1,'Laravelクエリビルダでサブクエリを使ってデータを取得する方法','https://www.kamome-susume.com/laravel-subquery/',NULL,'2022-08-04 23:47:25','2022-08-04 23:47:25'),(102,1,'【Vue.js】Vueの基本構文をまとめてみた','https://qiita.com/_masa_u/items/7a940f1aea8be4eef4fe',NULL,'2022-08-04 23:48:38','2022-08-04 23:48:38'),(103,1,'LaravelでEloquentの使い方(更新・追加・取得・削除)','https://codelikes.com/laravel-eloquent-basic/',NULL,'2022-08-04 23:49:59','2022-08-04 23:49:59'),(104,1,'LaravelのクエリビルダでFROM句にサブクエリを利用する方法','https://alaki.co.jp/blog/?p=3231',NULL,'2022-08-04 23:51:23','2022-08-04 23:51:23'),(105,1,'Laravel Eloquentからサブクエリでjoinするのに苦戦した','https://pisuke-code.com/laravel-eloquent-join-subquery/',NULL,'2022-08-04 23:53:06','2022-08-04 23:53:06'),(106,2,'世界初の分子飲料プリンタで数千杯もの飲料サービスを提供する「Cana Technology」','https://net.keizaikai.co.jp/63779',NULL,'2022-08-05 00:19:34','2022-08-05 00:19:34'),(107,2,'【発見】ミシュランシェフ発、「秘密の原料」メーカー【Eclipse Foods】','https://www.youtube.com/watch?v=9AmkLDJ4x4Y',NULL,'2022-08-05 00:21:34','2022-08-05 00:21:34'),(108,2,'【発見】世界から英語のなまりを「消す」企業【Sanas】','https://youtu.be/QNeiRD4cxj0',NULL,'2022-08-05 00:23:53','2022-08-05 00:23:53'),(109,2,'Vue.jsでボタンをdisabledして押せなくする','https://kensa-nitizyo.com/363/',NULL,'2022-08-05 00:32:34','2022-08-05 00:32:34'),(110,2,'Laravel5で「.. or ...) and (..」みたいな複雑な条件を書く','https://qiita.com/Hwoa/items/542456b63e51895f9a55',NULL,'2022-08-05 00:35:06','2022-08-05 00:35:06'),(111,2,'【Laravel】 From句にサブクエリを使用する','https://qiita.com/bashi4/items/0da586fde8cfd74667a1',NULL,'2022-08-05 00:36:26','2022-08-05 00:36:26'),(112,2,'【漫画】「誰でもできるのに９割の人が気づいていない、お金の生み出し方」をわかりやすく解説【要約/今井孝】','https://youtu.be/SzU0Xi3SDtE',NULL,'2022-08-05 01:03:48','2022-08-05 01:03:48'),(113,2,'【会社からの緊急脱出】年収100万円未満でも心豊かに暮らす方法【人生論】：（アニメ動画）第255回','https://www.youtube.com/watch?v=IyHw4_WkO_k',NULL,'2022-08-05 01:06:08','2022-08-05 01:06:08'),(114,2,'【漫画】「年収９０万円で東京ハッピーライフ」 をわかりやすく解説【要約/大原扁理】','https://www.youtube.com/watch?v=pIoKztfRZZM&t=1s',NULL,'2022-08-05 01:07:04','2022-08-05 01:07:04'),(115,2,'【漫画】「20代で得た知見」をわかりやすく解説【要約/F】','https://youtu.be/BrT-BXQ6Q_A',NULL,'2022-08-05 01:10:45','2022-08-05 01:10:45'),(116,2,'【漫画】「メンタルダウンで地獄を見た元エリート幹部自衛官が語る この世を生き抜く最強の技術」をわかりやすく解説【要約/わび】','https://youtu.be/t3W79wxmAdo',NULL,'2022-08-05 01:12:51','2022-08-05 01:12:51'),(117,2,'【漫画】「「精神科医の禅僧」が教える 心と身体の正しい休め方」をわかりやすく解説【要約/川野泰周】','https://youtu.be/PfnvpkTMPAI',NULL,'2022-08-05 01:14:21','2022-08-05 01:14:21'),(118,2,'【漫画】「この会社ムリと思いながら辞められないあなたへ」をわかりやすく解説【要約/井上智介】','https://youtu.be/2WsZLeMMrl4',NULL,'2022-08-05 01:15:08','2022-08-05 01:15:08'),(119,1,'ホーム使い方 【前置きなし】XAMPP MySQL（MariaDB）のrootパスワード設定方法 Windows10 【2019年4月版】','https://sainoitnote.com/xampp-change-mysql-root-password-win10-201904/',NULL,'2022-08-05 05:10:29','2022-08-05 05:10:29'),(120,1,'ユーザーの権限を変更する','https://www.javadrive.jp/phpmyadmin/user/index2.html',NULL,'2022-08-05 05:16:31','2022-08-05 05:16:31');
/*!40000 ALTER TABLE `book_marks` ENABLE KEYS */;
UNLOCK TABLES;

--
-- Table structure for table `failed_jobs`
--

DROP TABLE IF EXISTS `failed_jobs`;
/*!40101 SET @saved_cs_client     = @@character_set_client */;
/*!40101 SET character_set_client = utf8 */;
CREATE TABLE `failed_jobs` (
  `id` bigint(20) unsigned NOT NULL AUTO_INCREMENT,
  `uuid` varchar(255) COLLATE utf8mb4_unicode_ci NOT NULL,
  `connection` text COLLATE utf8mb4_unicode_ci NOT NULL,
  `queue` text COLLATE utf8mb4_unicode_ci NOT NULL,
  `payload` longtext COLLATE utf8mb4_unicode_ci NOT NULL,
  `exception` longtext COLLATE utf8mb4_unicode_ci NOT NULL,
  `failed_at` timestamp NOT NULL DEFAULT current_timestamp(),
  PRIMARY KEY (`id`),
  UNIQUE KEY `failed_jobs_uuid_unique` (`uuid`)
) ENGINE=InnoDB DEFAULT CHARSET=utf8mb4 COLLATE=utf8mb4_unicode_ci;
/*!40101 SET character_set_client = @saved_cs_client */;

--
-- Dumping data for table `failed_jobs`
--

LOCK TABLES `failed_jobs` WRITE;
/*!40000 ALTER TABLE `failed_jobs` DISABLE KEYS */;
/*!40000 ALTER TABLE `failed_jobs` ENABLE KEYS */;
UNLOCK TABLES;

--
-- Table structure for table `migrations`
--

DROP TABLE IF EXISTS `migrations`;
/*!40101 SET @saved_cs_client     = @@character_set_client */;
/*!40101 SET character_set_client = utf8 */;
CREATE TABLE `migrations` (
  `id` int(10) unsigned NOT NULL AUTO_INCREMENT,
  `migration` varchar(255) COLLATE utf8mb4_unicode_ci NOT NULL,
  `batch` int(11) NOT NULL,
  PRIMARY KEY (`id`)
) ENGINE=InnoDB AUTO_INCREMENT=15 DEFAULT CHARSET=utf8mb4 COLLATE=utf8mb4_unicode_ci;
/*!40101 SET character_set_client = @saved_cs_client */;

--
-- Dumping data for table `migrations`
--

LOCK TABLES `migrations` WRITE;
/*!40000 ALTER TABLE `migrations` DISABLE KEYS */;
INSERT INTO `migrations` VALUES (1,'2014_10_12_000000_create_users_table',1),(2,'2014_10_12_100000_create_password_resets_table',1),(3,'2019_08_19_000000_create_failed_jobs_table',1),(4,'2019_12_14_000001_create_personal_access_tokens_table',1),(5,'2022_07_16_081150_create_articles_table',1),(6,'2022_07_16_084716_create_article_tags_table',1),(7,'2022_07_16_090655_create_tags_table',1),(8,'2022_07_16_140629_add_foreign_key_to_articles_table',1),(9,'2022_07_16_143416_add_foreign_key_to_tags_table',1),(10,'2022_07_16_143443_add_foreign_key_to_article_tags_table',1),(11,'2022_07_31_141622_create_book_marks_table',1),(12,'2022_07_31_142524_create_book_mark_tags_table',1),(13,'2022_07_31_143230_add_foreign_key_to_book_marks_table',1),(14,'2022_07_31_143306_add_foreign_key_to_book_mark_tags_table',1);
/*!40000 ALTER TABLE `migrations` ENABLE KEYS */;
UNLOCK TABLES;

--
-- Table structure for table `password_resets`
--

DROP TABLE IF EXISTS `password_resets`;
/*!40101 SET @saved_cs_client     = @@character_set_client */;
/*!40101 SET character_set_client = utf8 */;
CREATE TABLE `password_resets` (
  `email` varchar(255) COLLATE utf8mb4_unicode_ci NOT NULL,
  `token` varchar(255) COLLATE utf8mb4_unicode_ci NOT NULL,
  `created_at` timestamp NULL DEFAULT NULL,
  KEY `password_resets_email_index` (`email`)
) ENGINE=InnoDB DEFAULT CHARSET=utf8mb4 COLLATE=utf8mb4_unicode_ci;
/*!40101 SET character_set_client = @saved_cs_client */;

--
-- Dumping data for table `password_resets`
--

LOCK TABLES `password_resets` WRITE;
/*!40000 ALTER TABLE `password_resets` DISABLE KEYS */;
/*!40000 ALTER TABLE `password_resets` ENABLE KEYS */;
UNLOCK TABLES;

--
-- Table structure for table `personal_access_tokens`
--

DROP TABLE IF EXISTS `personal_access_tokens`;
/*!40101 SET @saved_cs_client     = @@character_set_client */;
/*!40101 SET character_set_client = utf8 */;
CREATE TABLE `personal_access_tokens` (
  `id` bigint(20) unsigned NOT NULL AUTO_INCREMENT,
  `tokenable_type` varchar(255) COLLATE utf8mb4_unicode_ci NOT NULL,
  `tokenable_id` bigint(20) unsigned NOT NULL,
  `name` varchar(255) COLLATE utf8mb4_unicode_ci NOT NULL,
  `token` varchar(64) COLLATE utf8mb4_unicode_ci NOT NULL,
  `abilities` text COLLATE utf8mb4_unicode_ci DEFAULT NULL,
  `last_used_at` timestamp NULL DEFAULT NULL,
  `created_at` timestamp NULL DEFAULT NULL,
  `updated_at` timestamp NULL DEFAULT NULL,
  PRIMARY KEY (`id`),
  UNIQUE KEY `personal_access_tokens_token_unique` (`token`),
  KEY `personal_access_tokens_tokenable_type_tokenable_id_index` (`tokenable_type`,`tokenable_id`)
) ENGINE=InnoDB DEFAULT CHARSET=utf8mb4 COLLATE=utf8mb4_unicode_ci;
/*!40101 SET character_set_client = @saved_cs_client */;

--
-- Dumping data for table `personal_access_tokens`
--

LOCK TABLES `personal_access_tokens` WRITE;
/*!40000 ALTER TABLE `personal_access_tokens` DISABLE KEYS */;
/*!40000 ALTER TABLE `personal_access_tokens` ENABLE KEYS */;
UNLOCK TABLES;

--
-- Table structure for table `tags`
--

DROP TABLE IF EXISTS `tags`;
/*!40101 SET @saved_cs_client     = @@character_set_client */;
/*!40101 SET character_set_client = utf8 */;
CREATE TABLE `tags` (
  `id` bigint(20) unsigned NOT NULL AUTO_INCREMENT,
  `name` varchar(255) COLLATE utf8mb4_unicode_ci NOT NULL,
  `user_id` bigint(20) unsigned NOT NULL,
  `deleted_at` timestamp NULL DEFAULT NULL,
  `created_at` timestamp NULL DEFAULT NULL,
  `updated_at` timestamp NULL DEFAULT NULL,
  PRIMARY KEY (`id`),
  KEY `tags_user_id_index` (`user_id`),
  CONSTRAINT `tags_user_id_foreign` FOREIGN KEY (`user_id`) REFERENCES `users` (`id`)
) ENGINE=InnoDB AUTO_INCREMENT=137 DEFAULT CHARSET=utf8mb4 COLLATE=utf8mb4_unicode_ci;
/*!40101 SET character_set_client = @saved_cs_client */;

--
-- Dumping data for table `tags`
--

LOCK TABLES `tags` WRITE;
/*!40000 ALTER TABLE `tags` DISABLE KEYS */;
INSERT INTO `tags` VALUES (1,'vue',1,NULL,'2022-07-31 06:41:24','2022-07-31 06:41:24'),(2,'vuetify',1,NULL,'2022-07-31 06:41:37','2022-07-31 06:41:37'),(3,'javascript',1,NULL,'2022-07-31 06:41:44','2022-07-31 06:41:44'),(4,'laravel',1,NULL,'2022-07-31 06:41:52','2022-07-31 06:41:52'),(5,'sql',1,NULL,'2022-07-31 06:43:09','2022-07-31 06:43:09'),(6,'pagination',1,NULL,'2022-07-31 06:43:34','2022-07-31 06:43:34'),(7,'migrate',1,NULL,'2022-07-31 06:43:52','2022-07-31 06:43:52'),(8,'migration',1,NULL,'2022-07-31 06:43:58','2022-07-31 06:43:58'),(9,'転職',1,NULL,'2022-07-31 20:54:53','2022-07-31 20:54:53'),(10,'公式サイト',1,NULL,'2022-07-31 20:55:11','2022-07-31 20:55:11'),(11,'html',1,NULL,'2022-08-01 01:35:58','2022-08-01 01:35:58'),(12,'css',1,NULL,'2022-08-01 01:47:43','2022-08-01 01:47:43'),(13,'チェックボックス',1,NULL,'2022-08-01 01:50:28','2022-08-01 01:50:28'),(14,'継承',1,NULL,'2022-08-01 01:52:06','2022-08-01 01:52:06'),(15,'折りたたみ',1,NULL,'2022-08-01 03:57:45','2022-08-01 03:57:45'),(16,'props',1,NULL,'2022-08-01 23:37:46','2022-08-01 23:37:46'),(17,'位置合わせ',1,NULL,'2022-08-02 04:13:29','2022-08-02 04:13:29'),(18,'MySql',1,NULL,'2022-08-02 04:14:21','2022-08-02 04:14:21'),(19,'トランザクション',1,NULL,'2022-08-02 04:14:32','2022-08-02 04:14:32'),(20,'ロック',1,NULL,'2022-08-02 04:15:45','2022-08-02 04:15:45'),(21,'副問合せ',1,NULL,'2022-08-02 04:18:18','2022-08-02 04:18:18'),(22,'セキュリティ',1,NULL,'2022-08-02 04:31:57','2022-08-02 04:31:57'),(23,'多言語化',1,NULL,'2022-08-02 21:36:55','2022-08-02 21:36:55'),(24,'フォーム',1,NULL,'2022-08-02 23:08:12','2022-08-02 23:08:12'),(25,'パフォーマンス',1,NULL,'2022-08-02 23:30:22','2022-08-02 23:30:22'),(26,'英語',1,NULL,'2022-08-03 17:46:28','2022-08-03 17:46:28'),(27,'勉強サイト',1,NULL,'2022-08-03 17:46:41','2022-08-03 17:46:41'),(28,'仕事',1,NULL,'2022-08-04 04:17:09','2022-08-04 04:17:09'),(29,'生き方',1,NULL,'2022-08-04 04:17:27','2022-08-04 04:17:27'),(30,'心',1,NULL,'2022-08-04 04:17:40','2022-08-04 04:17:40'),(31,'生きる上で大事なこと',1,NULL,'2022-08-04 04:17:52','2022-08-04 04:17:52'),(32,'インフラ',1,NULL,'2022-08-04 04:23:42','2022-08-04 04:23:42'),(33,'通信',1,NULL,'2022-08-04 04:24:05','2022-08-04 04:24:05'),(34,'アイデア',1,NULL,'2022-08-04 04:25:49','2022-08-04 04:25:49'),(35,'webシステム',1,NULL,'2022-08-04 04:26:09','2022-08-04 04:26:09'),(36,'仕事の仕方',1,NULL,'2022-08-04 04:38:18','2022-08-04 04:38:18'),(37,'効率化',1,NULL,'2022-08-04 04:38:30','2022-08-04 04:38:30'),(38,'spa',1,NULL,'2022-08-04 04:39:38','2022-08-04 04:39:38'),(39,'ssr',1,NULL,'2022-08-04 04:39:43','2022-08-04 04:39:43'),(40,'ssg',1,NULL,'2022-08-04 04:39:46','2022-08-04 04:39:46'),(41,'mpa',1,NULL,'2022-08-04 04:39:57','2022-08-04 04:39:57'),(42,'フロントエンド',1,NULL,'2022-08-04 04:40:08','2022-08-04 04:40:08'),(43,'比較',1,NULL,'2022-08-04 05:37:53','2022-08-04 05:37:53'),(44,'Inertia',1,NULL,'2022-08-04 05:47:54','2022-08-04 05:47:54'),(45,'心理学',1,NULL,'2022-08-04 06:14:11','2022-08-04 06:14:11'),(46,'ブラック企業',1,NULL,'2022-08-04 06:14:32','2022-08-04 06:14:32'),(47,'人間関係',1,NULL,'2022-08-04 06:15:01','2022-08-04 06:15:01'),(48,'経営',1,NULL,'2022-08-04 06:15:19','2022-08-04 06:15:19'),(49,'カンファレンス',1,NULL,'2022-08-04 06:17:02','2022-08-04 06:17:02'),(50,'エンジニア',1,NULL,'2022-08-04 06:17:14','2022-08-04 06:17:14'),(51,'考え',1,NULL,'2022-08-04 06:21:02','2022-08-04 06:21:02'),(52,'意見',1,NULL,'2022-08-04 06:22:26','2022-08-04 06:22:26'),(53,'面接',1,NULL,'2022-08-04 06:33:06','2022-08-04 06:33:06'),(54,'技術書',1,NULL,'2022-08-04 06:37:26','2022-08-04 06:37:26'),(55,'初心者',1,NULL,'2022-08-04 06:37:49','2022-08-04 06:37:49'),(56,'参考書',1,NULL,'2022-08-04 06:38:27','2022-08-04 06:38:27'),(57,'vsCode',1,NULL,'2022-08-04 06:42:11','2022-08-04 06:42:11'),(58,'プラグイン',1,NULL,'2022-08-04 06:42:24','2022-08-04 06:42:24'),(59,'初期設定',1,NULL,'2022-08-04 06:43:57','2022-08-04 06:43:57'),(60,'git',1,NULL,'2022-08-04 06:57:40','2022-08-04 06:57:40'),(61,'aso',1,NULL,'2022-08-04 06:59:55','2022-08-04 06:59:55'),(62,'マーケティング',1,NULL,'2022-08-04 07:00:15','2022-08-04 07:00:15'),(63,'アプリ',1,NULL,'2022-08-04 07:00:26','2022-08-04 07:00:26'),(64,'正規表現',1,NULL,'2022-08-04 07:01:57','2022-08-04 07:01:57'),(65,'github',1,NULL,'2022-08-04 07:03:34','2022-08-04 07:03:34'),(66,'プルリクエスト',1,NULL,'2022-08-04 07:03:41','2022-08-04 07:03:41'),(67,'レビュー',1,NULL,'2022-08-04 07:03:47','2022-08-04 07:03:47'),(68,'マージ',1,NULL,'2022-08-04 07:03:53','2022-08-04 07:03:53'),(69,'便利サイト',1,NULL,'2022-08-04 07:06:50','2022-08-04 07:06:50'),(70,'デザイン',1,NULL,'2022-08-04 20:50:28','2022-08-04 20:50:28'),(71,'vr',1,NULL,'2022-08-04 20:52:30','2022-08-04 20:52:30'),(72,'neosVR',1,NULL,'2022-08-04 20:52:44','2022-08-04 20:52:44'),(73,'メタバース',1,NULL,'2022-08-04 20:53:51','2022-08-04 20:53:51'),(74,'Prettier',1,NULL,'2022-08-04 20:57:34','2022-08-04 20:57:34'),(75,'ESLint',1,NULL,'2022-08-04 20:58:01','2022-08-04 20:58:01'),(76,'認証',1,NULL,'2022-08-04 21:06:04','2022-08-04 21:06:04'),(77,'認可',1,NULL,'2022-08-04 21:06:17','2022-08-04 21:06:17'),(78,'スタートアップ',1,NULL,'2022-08-04 21:08:44','2022-08-04 21:08:44'),(79,'Q&A',1,NULL,'2022-08-04 21:13:10','2022-08-04 21:13:10'),(80,'ベンチャー',1,NULL,'2022-08-04 21:13:24','2022-08-04 21:13:24'),(81,'サンプル',1,NULL,'2022-08-04 21:29:39','2022-08-04 21:29:39'),(82,'モーダル',1,NULL,'2022-08-04 21:29:54','2022-08-04 21:29:54'),(83,'基礎',1,NULL,'2022-08-04 21:32:07','2022-08-04 21:32:07'),(84,'api',1,NULL,'2022-08-04 21:35:09','2022-08-04 21:35:09'),(85,'php',1,NULL,'2022-08-04 21:47:47','2022-08-04 21:47:47'),(86,'Docker',1,NULL,'2022-08-04 21:55:19','2022-08-04 21:55:19'),(87,'Redis',1,NULL,'2022-08-04 21:56:00','2022-08-04 21:56:00'),(88,'Axios',1,NULL,'2022-08-04 21:56:28','2022-08-04 21:56:28'),(89,'aws',1,NULL,'2022-08-04 21:59:24','2022-08-04 21:59:24'),(90,'Lightsail',1,NULL,'2022-08-04 21:59:48','2022-08-04 21:59:48'),(91,'LAMPサーバー',1,NULL,'2022-08-04 22:00:05','2022-08-04 22:00:05'),(92,'デプロイ',1,NULL,'2022-08-04 22:01:22','2022-08-04 22:01:22'),(93,'Apache',1,NULL,'2022-08-04 22:04:48','2022-08-04 22:04:48'),(94,'MariaDB',1,NULL,'2022-08-04 22:05:13','2022-08-04 22:05:13'),(95,'Ubuntu',1,NULL,'2022-08-04 22:09:16','2022-08-04 22:09:16'),(96,'Linux',1,NULL,'2022-08-04 22:09:35','2022-08-04 22:09:35'),(97,'コマンド',1,NULL,'2022-08-04 22:09:56','2022-08-04 22:09:56'),(98,'EC2',1,NULL,'2022-08-04 22:11:42','2022-08-04 22:11:42'),(99,'マイグレーション',1,NULL,'2022-08-04 22:56:23','2022-08-04 22:56:23'),(100,'モデル',1,NULL,'2022-08-04 22:56:32','2022-08-04 22:56:32'),(101,'コード',1,NULL,'2022-08-04 23:03:16','2022-08-04 23:03:16'),(102,'ネットワーク',1,NULL,'2022-08-04 23:04:02','2022-08-04 23:04:02'),(103,'Laravel Breeze',1,NULL,'2022-08-04 23:06:13','2022-08-04 23:06:13'),(104,'サーバー',1,NULL,'2022-08-04 23:12:13','2022-08-04 23:12:13'),(105,'サーバーサイド',1,NULL,'2022-08-04 23:12:20','2022-08-04 23:12:20'),(106,'cron',1,NULL,'2022-08-04 23:12:42','2022-08-04 23:12:42'),(107,'Vue CLI',1,NULL,'2022-08-04 23:15:32','2022-08-04 23:15:32'),(108,'Vue Router',1,NULL,'2022-08-04 23:18:12','2022-08-04 23:18:12'),(109,'github pages',1,NULL,'2022-08-04 23:24:01','2022-08-04 23:24:01'),(110,'ルーティング',1,NULL,'2022-08-04 23:32:06','2022-08-04 23:32:06'),(111,'非同期',1,NULL,'2022-08-04 23:34:48','2022-08-04 23:34:48'),(112,'UI',1,NULL,'2022-08-04 23:36:28','2022-08-04 23:36:28'),(113,'フレームワーク',1,NULL,'2022-08-04 23:36:51','2022-08-04 23:36:51'),(114,'トラブルシューティング',1,NULL,'2022-08-04 23:40:49','2022-08-04 23:40:49'),(115,'エラー処理',1,NULL,'2022-08-04 23:45:50','2022-08-04 23:45:50'),(116,'結合',1,NULL,'2022-08-04 23:52:26','2022-08-04 23:52:26'),(117,'モクテル',2,NULL,'2022-08-05 00:07:32','2022-08-05 00:07:32'),(118,'レシピ',2,NULL,'2022-08-05 00:07:52','2022-08-05 00:07:52'),(119,'オレンジ',2,NULL,'2022-08-05 00:08:01','2022-08-05 00:08:01'),(120,'レモン',2,NULL,'2022-08-05 00:08:12','2022-08-05 00:08:12'),(121,'パイナップル',2,NULL,'2022-08-05 00:08:17','2022-08-05 00:08:17'),(122,'飲み物',2,NULL,'2022-08-05 00:08:35','2022-08-05 00:08:35'),(123,'スタートアップ',2,NULL,'2022-08-05 00:19:29','2022-08-05 00:19:29'),(124,'アイス',2,NULL,'2022-08-05 00:21:24','2022-08-05 00:21:24'),(125,'英語',2,NULL,'2022-08-05 00:23:27','2022-08-05 00:23:27'),(126,'vue',2,NULL,'2022-08-05 00:32:29','2022-08-05 00:32:29'),(127,'laravel',2,NULL,'2022-08-05 00:34:47','2022-08-05 00:34:47'),(128,'sql',2,NULL,'2022-08-05 00:34:56','2022-08-05 00:34:56'),(129,'副問合せ',2,NULL,'2022-08-05 00:36:10','2022-08-05 00:36:10'),(130,'金',2,NULL,'2022-08-05 01:03:37','2022-08-05 01:03:37'),(131,'商売',2,NULL,'2022-08-05 01:03:44','2022-08-05 01:03:44'),(132,'生き方',2,NULL,'2022-08-05 01:06:03','2022-08-05 01:06:03'),(133,'メンタル',2,NULL,'2022-08-05 01:12:37','2022-08-05 01:12:37'),(134,'仕事',2,NULL,'2022-08-05 01:12:48','2022-08-05 01:12:48'),(135,'xampp',1,NULL,'2022-08-05 04:18:37','2022-08-05 04:18:37'),(136,'phpMyAdmin',1,NULL,'2022-08-05 05:16:04','2022-08-05 05:16:04');
/*!40000 ALTER TABLE `tags` ENABLE KEYS */;
UNLOCK TABLES;

--
-- Table structure for table `users`
--

DROP TABLE IF EXISTS `users`;
/*!40101 SET @saved_cs_client     = @@character_set_client */;
/*!40101 SET character_set_client = utf8 */;
CREATE TABLE `users` (
  `id` bigint(20) unsigned NOT NULL AUTO_INCREMENT,
  `name` varchar(255) COLLATE utf8mb4_unicode_ci NOT NULL,
  `email` varchar(255) COLLATE utf8mb4_unicode_ci NOT NULL,
  `email_verified_at` timestamp NULL DEFAULT NULL,
  `password` varchar(255) COLLATE utf8mb4_unicode_ci NOT NULL,
  `remember_token` varchar(100) COLLATE utf8mb4_unicode_ci DEFAULT NULL,
  `created_at` timestamp NULL DEFAULT NULL,
  `updated_at` timestamp NULL DEFAULT NULL,
  PRIMARY KEY (`id`),
  UNIQUE KEY `users_email_unique` (`email`)
) ENGINE=InnoDB AUTO_INCREMENT=3 DEFAULT CHARSET=utf8mb4 COLLATE=utf8mb4_unicode_ci;
/*!40101 SET character_set_client = @saved_cs_client */;

--
-- Dumping data for table `users`
--

LOCK TABLES `users` WRITE;
/*!40000 ALTER TABLE `users` DISABLE KEYS */;
INSERT INTO `users` VALUES (1,'ひでや','hideya670@gmail.com',NULL,'$2y$10$CM2FODYHWJd9Oiuj9IFj2OMPaFYur4SvDVRdaqQrlWzAIAyO6mZsa',NULL,'2022-07-31 06:39:27','2022-07-31 06:39:27'),(2,'tester','Gt4WdaSc2tzYMWE2icwj@sample.com',NULL,'$2y$10$AMn2IZDo3ispF0nZ2V.wVOCnd66vpxhP6exgHxkZJHGvyK2jmnhkS',NULL,'2022-08-05 00:02:40','2022-08-05 00:02:40');
/*!40000 ALTER TABLE `users` ENABLE KEYS */;
UNLOCK TABLES;
/*!40103 SET TIME_ZONE=@OLD_TIME_ZONE */;

/*!40101 SET SQL_MODE=@OLD_SQL_MODE */;
/*!40014 SET FOREIGN_KEY_CHECKS=@OLD_FOREIGN_KEY_CHECKS */;
/*!40014 SET UNIQUE_CHECKS=@OLD_UNIQUE_CHECKS */;
/*!40101 SET CHARACTER_SET_CLIENT=@OLD_CHARACTER_SET_CLIENT */;
/*!40101 SET CHARACTER_SET_RESULTS=@OLD_CHARACTER_SET_RESULTS */;
/*!40101 SET COLLATION_CONNECTION=@OLD_COLLATION_CONNECTION */;
/*!40111 SET SQL_NOTES=@OLD_SQL_NOTES */;

-- Dump completed on 2022-08-07 16:47:54
